 <?xml  version="1.0" encoding="UTF-8"?>
<beans

       xmlns="http://www.springframework.org/schema/beans"
       xmlns:xsi="http://www.w3.org/2001/XMLSchema-instance"
       xmlns:aop="http://www.springframework.org/schema/aop"
       xmlns:context="http://www.springframework.org/schema/context"
       xmlns:jee="http://www.springframework.org/schema/jee"
       xmlns:lang="http://www.springframework.org/schema/lang"
       xmlns:p="http://www.springframework.org/schema/p"
       xmlns:tx="http://www.springframework.org/schema/tx"
       xmlns:util="http://www.springframework.org/schema/util"
      
       xsi:schemaLocation="
      
              http://www.springframework.org/schema/beans
              http://www.springframework.org/schema/beans/spring-beans-3.0.xsd
             
              http://www.springframework.org/schema/aop
              http://www.springframework.org/schema/aop/spring-aop-3.0.xsd
             
              http://www.springframework.org/schema/context
              http://www.springframework.org/schema/context/spring-context-3.0.xsd
             
              http://www.springframework.org/schema/jee
              http://www.springframework.org/schema/jee/spring-jee-3.0.xsd
             
              http://www.springframework.org/schema/lang
              http://www.springframework.org/schema/lang/spring-lang-3.0.xsd
             
              http://www.springframework.org/schema/tx
              http://www.springframework.org/schema/tx/spring-tx-3.0.xsd
             
              http://www.springframework.org/schema/util
              http://www.springframework.org/schema/util/spring-util-3.0.xsd

       "
> 


       <context:annotation-config />
      
       <context:component-scan base-package="com..webchatapp" />
      
      
                                         <!-- VIEW RESOLVER -->
       <bean id="viewResolver"
         class="org.springframework.web.servlet.view.InternalResourceViewResolver" >
           <property name="prefix">
              <value>/WEB-INF/view/</value>
           </property>
           <property name="suffix">
              <value>.jsp</value>
           </property>
       </bean>

<!-- ========================= Definition for studentJDBCTemplate bean ========================================= -->
<!--   <bean id="userDatastoreService"  -->
<!--       class="rupsLib.webchatapp.service.UserDatastoreService">  -->
<!--   </bean>     -->

<!-- ========================= HIBERNATE TEMPLATE CONFIGURATIONs =============================================== -->

       <bean id="hibernateTemplate"
              class="org.springframework.orm.hibernate3.HibernateTemplate">
              <property name="sessionFactory" ref="sessionFactory" />
       </bean>
                                         <!-- DATA SOURCE -->
       


	<bean id="dataSource" class="org.apache.commons.dbcp.BasicDataSource">
		<property name="driverClassName" value="org.h2.Driver"></property>
		<property name="url" value="jdbc:h2:tcp://localhost/~/test"></property>
		<property name="username" value="sa"></property>
		<property name="password" value="sa"></property>
	</bean>

                                         <!-- SESSION FACTORY  -->
       <bean id="sessionFactory"
         class="org.springframework.orm.hibernate3.annotation.AnnotationSessionFactoryBean"> 
         <property name="dataSource"> 
             <ref bean="dataSource" /> 
         </property> 
         <property name="packagesToScan" value="com.webchatapp" /> 
         <property name="hibernateProperties">

			<props>

				<prop key="hibernate.dialect">org.hibernate.dialect.H2Dialect</prop>
				<prop key="hibernate.show_sql">true</prop>
				<prop key="hibernate.hbm2ddl.auto">update</prop>
			</props>

		</property>

         </property> 
       </bean> 

                                      <!-- TRANSACTION MANAGER -->
       <bean id="transactionManager"
         class="org.springframework.orm.hibernate3.HibernateTransactionManager"> 
         <property name="sessionFactory"> 
             <ref bean="sessionFactory" /> 
         </property> 
       </bean> 

    <tx:annotation-driven transaction-manager="transactionManager"/>

<!-- ======================= HIBERNATE TEMPLATE CONFIGURATIONs ENDs HERE ======================================= -->


</beans>
