<?xml version="1.0" encoding="UTF-8"?>
<beans:beans xmlns="http://www.springframework.org/schema/security"
    xmlns:beans="http://www.springframework.org/schema/beans"
    xmlns:xsi="http://www.w3.org/2001/XMLSchema-instance"
    xsi:schemaLocation="http://www.springframework.org/schema/beans
    http://www.springframework.org/schema/beans/spring-beans.xsd
    http://www.springframework.org/schema/security
    http://www.springframework.org/schema/security/spring-security.xsd">
 
    <http auto-config="true"  use-expressions="true">
    	<intercept-url pattern="/" access="permitAll" />
        <intercept-url pattern="/login" access="permitAll" />
        <intercept-url pattern="/logout" access="permitAll" />
        <intercept-url pattern="/accessdenied" access="permitAll" />
        <intercept-url pattern="/aboutus" access="permitAll"/>
        
        <intercept-url pattern="/aindex"  access="hasRole('ROLE_ADMIN')"/>
        <intercept-url pattern="/addadv" access="hasRole('ROLE_ADMIN')"/>
        <intercept-url pattern="/viewusers" access="hasRole('ROLE_ADMIN')"/>
        <intercept-url pattern="/approveBlog" access="hasRole('ROLE_ADMIN')"/>
        <intercept-url pattern="/approveForum" access="hasRole('ROLE_ADMIN')"/>        
        
        <intercept-url pattern="/cindex" access="hasRole('ROLE_USER')"/>
        <intercept-url pattern="/addblog" access="hasRole('ROLE_USER')"/>
        <intercept-url pattern="/viewblog" access="hasRole('ROLE_USER')"/>
        <intercept-url pattern="/addforum" access="hasRole('ROLE_USER')"/>
        <intercept-url pattern="/viewforum" access="hasRole('ROLE_USER')"/>
        <intercept-url pattern="/viewwall" access="hasRole('ROLE_USER')"/>
        <intercept-url pattern="/chat" access="hasRole('ROLE_USER')"/>
        
        <form-login login-page="/login" default-target-url="/cindex"  authentication-failure-url="/accessdenied" />
        <form-login login-page="/login" default-target-url="/aindex"  authentication-failure-url="/accessdenied" />
        <logout logout-success-url="/logout" />
    </http>
 
    <authentication-manager alias="authenticationManager">
        <authentication-provider>
            <jdbc-user-service data-source-ref="dataSource"
            users-by-username-query="select uname,pass,enabled from chatuser where uname=?"
            authorities-by-username-query="select uname,role from chatuser where uname = ?"
            />
        </authentication-provider>
    </authentication-manager>
 
</beans:beans>