<?xml version="1.0" encoding="UTF-8"?>

<beans 
	xmlns="http://www.springframework.org/schema/beans"  
    xmlns:xsi="http://www.w3.org/2001/XMLSchema-instance"
    xmlns:context="http://www.springframework.org/schema/context"    
    xmlns:tx="http://www.springframework.org/schema/tx"
    xsi:schemaLocation="http://www.springframework.org/schema/beans  
        http://www.springframework.org/schema/beans/spring-beans.xsd
        http://www.springframework.org/schema/context 
   		http://www.springframework.org/schema/context/spring-context.xsd
        http://www.springframework.org/schema/tx
        http://www.springframework.org/schema/tx/spring-tx.xsd">

	<bean id="multipartResolver"
        class="org.springframework.web.multipart.commons.CommonsMultipartResolver">
 
         <!-- setting maximum upload size -->
        <property name="maxUploadSize" value="100000" />
 
    </bean>


	<!-- SessionFactory Information -->
	<bean id="sessionFactory"  class="org.springframework.orm.hibernate4.LocalSessionFactoryBean">  
        <property name="dataSource" ref="dataSource" />
        <property name="PackagesToScan">
        	<list>
       			<value>codes.Model</value>
      		</list>
       	</property>
        <property name="hibernateProperties">  
            <props>  
                <prop key="hibernate.dialect">org.hibernate.dialect.H2Dialect</prop>  
                <prop key="hibernate.current_session_context_class">thread</prop>
                <prop key="hibernate.hbm2ddl.auto">update</prop>  
                <prop key="hibernate.show_sql">false</prop>  
            </props>  
        </property> 
    </bean> 

	<!-- DataSource Information -->
	<bean id="dataSource" class="org.apache.commons.dbcp.BasicDataSource">
		<property name="driverClassName" value="org.h2.Driver" />
		<property name="url" value="jdbc:h2:tcp://localhost/~/test" />
		<property name="username" value="sa" />
		<property name="password" value="sa" />
	</bean>
	
	<context:component-scan base-package="codes" />
	<tx:annotation-driven/>

	<bean id="transactionManager" class="org.springframework.orm.hibernate4.HibernateTransactionManager">
    	<property name="sessionFactory" ref="sessionFactory" />
	</bean>
	
</beans>