<beans:beans xmlns="http://www.springframework.org/schema/security"
    xmlns:beans="http://www.springframework.org/schema/beans" 
    xmlns:xsi="http://www.w3.org/2001/XMLSchema-instance"
        xsi:schemaLocation="http://www.springframework.org/schema/beans
                            http://www.springframework.org/schema/beans/spring-beans.xsd
                            http://www.springframework.org/schema/security
                            http://www.springframework.org/schema/security/spring-security-4.1.xsd" >
    
    <http auto-config="true" >
    	<csrf disabled="true"/>
        <intercept-url pattern="/admin**" access="hasRole('ROLE_ADMIN')" />
        <form-login login-page="/login" default-target-url="/admin" authentication-failure-url="/accessdenied"/>
        <logout logout-success-url="/logoff"/>
    </http>
    
    <authentication-manager alias="authenticationManager">
        <authentication-provider>
            <jdbc-user-service data-source-ref="dataSource" 
            authorities-by-username-query="select c.username,u.role_name from Customers c, User_roles u where c.id=u.role_id and c.username=?"
            users-by-username-query="select username,password,enabled from Customers where username= ?"/>
        </authentication-provider>
    </authentication-manager>
    </beans:beans>